t,omega_r,omega_phi,omega_z
0.20000608908800002,55.886109828285306,57.23688295845946,-136.97271876085932
2.1999965773240002,44.95078967247869,47.64446391337849,115.98737464364591
